<?xml version="1.0" encoding="UTF-8"?><?xml-stylesheet type='text/xsl' href='_UpgradeReport_Files/UpgradeReport.xslt'?><UpgradeLog>
<Properties><Property Name="Solution" Value="z_pack">
</Property><Property Name="Solution File" Value="G:\B\Books\C_C++\InstantMinGWStarter\Code\import-vc\z_pack\z_pack.sln">
</Property><Property Name="User Options File" Value="G:\B\Books\C_C++\InstantMinGWStarter\Code\import-vc\z_pack\z_pack.suo">
</Property><Property Name="Date" Value="Friday, April 19, 2013">
</Property><Property Name="Time" Value="1:10 AM">
</Property></Properties><Event ErrorLevel="0" Project="" Source="z_pack.sln" Description="File successfully backed up as G:\B\Books\C_C++\InstantMinGWStarter\Code\import-vc\z_pack\z_pack.sln.old">
</Event><Event ErrorLevel="0" Project="" Source="z_pack.suo" Description="File successfully backed up as G:\B\Books\C_C++\InstantMinGWStarter\Code\import-vc\z_pack\z_pack.suo.old">
</Event><Event ErrorLevel="0" Project="z_pack" Source="z_pack.vcproj" Description="Converting project file 'G:\B\Books\C_C++\InstantMinGWStarter\Code\import-vc\z_pack\z_pack.vcproj'.">
</Event><Event ErrorLevel="1" Project="z_pack" Source="z_pack.vcproj" Description="VCWebServiceProxyGeneratorTool is no longer supported. The tool has been removed from your project settings.">
</Event><Event ErrorLevel="1" Project="z_pack" Source="z_pack.vcproj" Description="Attribute 'CopyLocalDependencies' of 'ProjectReference' is not supported in this version and has been removed during conversion.">
</Event><Event ErrorLevel="1" Project="z_pack" Source="z_pack.vcproj" Description="Attribute 'UseDependenciesInBuild' of 'ProjectReference' is not supported in this version and has been removed during conversion.">
</Event><Event ErrorLevel="0" Project="z_pack" Source="z_pack.vcproj" Description="Done converting to new project file 'G:\B\Books\C_C++\InstantMinGWStarter\Code\import-vc\z_pack\z_pack.vcxproj'.">
</Event><Event ErrorLevel="3" Project="z_pack" Source="z_pack.vcproj" Description="Converted">
</Event><Event ErrorLevel="0" Project="core" Source="..\core\core.vcproj" Description="Converting project file 'G:\B\Books\C_C++\InstantMinGWStarter\Code\import-vc\core\core.vcproj'.">
</Event><Event ErrorLevel="1" Project="core" Source="..\core\core.vcproj" Description="VCWebServiceProxyGeneratorTool is no longer supported. The tool has been removed from your project settings.">
</Event><Event ErrorLevel="1" Project="core" Source="..\core\core.vcproj" Description="The following file(s) were found multiple times in the project/filter and duplicates were ignored: '.\options.cpp, .\packer.cpp, .\stdafx.cpp'.">
</Event><Event ErrorLevel="1" Project="core" Source="..\core\core.vcproj" Description="The following file(s) were found multiple times in the project/filter and duplicates were ignored: '.\options.h, .\packer.h, .\stdafx.h, .\targetver.h'.">
</Event><Event ErrorLevel="0" Project="core" Source="..\core\core.vcproj" Description="Done converting to new project file 'G:\B\Books\C_C++\InstantMinGWStarter\Code\import-vc\core\core.vcxproj'.">
</Event><Event ErrorLevel="3" Project="core" Source="..\core\core.vcproj" Description="Converted">
</Event><Event ErrorLevel="0" Project="" Source="z_pack.sln" Description="Solution converted successfully">
</Event><Event ErrorLevel="3" Project="" Source="z_pack.sln" Description="Converted">
</Event></UpgradeLog>